t_ms,lat,lon,speed_kmh,fuel,inst_eff,pedal,gear,rpm,load
1790506193622,,,0.0,PETROL,,14.9,,793,41.2
1790506194303,,,0.0,PETROL,,14.9,,807,41.2
1790506194965,,,0.0,PETROL,,14.9,,808,41.2
1790506196167,,,0.0,PETROL,,14.9,,806,40.8
1790506196828,28.629663,77.318552,0.0,PETROL,,14.9,,805,40.8
1790506197505,28.629663,77.318559,0.0,PETROL,,14.9,,808,40.8
1790506198760,28.629807,77.318467,0.0,PETROL,,14.9,,806,40.8
1790506199385,28.629816,77.318527,0.0,PETROL,,14.9,,815,40.8
1790506200052,28.629816,77.318527,0.0,PETROL,,14.9,,813,40.8
1790506201626,28.629781,77.318583,0.0,PETROL,,14.9,,818,42.4
1790506202381,28.629768,77.318595,0.0,PETROL,,14.9,,820,42.4
1790506203032,28.629768,77.318595,0.0,PETROL,,14.9,,819,42.4
1790506204278,28.629762,77.318606,0.0,PETROL,,14.9,,826,42.7
1790506205005,28.629755,77.318605,0.0,PETROL,,14.9,,825,42.7
1790506205662,28.629749,77.318607,0.0,PETROL,,14.9,,824,42.7
1790506206923,28.629741,77.318606,0.0,PETROL,,14.9,,827,41.6
1790506207561,28.629738,77.318607,0.0,PETROL,,14.9,,821,41.6
1790506208264,28.629738,77.318607,0.0,PETROL,,14.9,,818,41.6
1790506209454,28.629734,77.318607,0.0,PETROL,,14.9,,814,43.5
1790506210158,28.629734,77.318607,0.0,PETROL,,17.6,,830,43.5
1790506210849,28.629731,77.318607,0.0,PETROL,,14.9,,862,43.5
1790506212034,28.629724,77.318602,1.0,PETROL,,14.9,,829,48.6
1790506212685,28.629717,77.318601,1.0,PETROL,,14.9,,838,48.6
1790506213325,28.629710,77.318602,1.0,PETROL,,17.6,,832,48.6
1790506214455,28.629701,77.318602,2.0,PETROL,,14.9,,718,43.1
1790506215156,28.629701,77.318602,2.0,PETROL,,14.9,,818,43.1
1790506215759,28.629701,77.318602,2.0,PETROL,,14.9,,807,43.1
1790506216955,28.629696,77.318610,2.0,PETROL,,14.9,,805,43.1
1790506217643,28.629692,77.318611,0.0,PETROL,,14.9,,801,43.1
1790506218299,28.629683,77.318616,0.0,PETROL,,14.9,,803,43.1
1790506219417,28.629679,77.318625,0.0,PETROL,,14.9,,804,43.1
1790506220077,28.629679,77.318625,0.0,PETROL,,14.9,,804,43.1
1790506220770,28.629680,77.318628,0.0,PETROL,,14.9,,806,43.1
1790506222036,28.629672,77.318677,0.0,PETROL,,14.9,,812,39.6
1790506222729,28.629697,77.318692,0.0,PETROL,,14.9,,813,39.6
1790506223414,28.629697,77.318692,0.0,PETROL,,14.9,,812,39.6
1790506224766,28.629691,77.318698,0.0,PETROL,,14.9,,810,39.2
1790506225471,28.629698,77.318693,0.0,PETROL,,14.9,,811,39.2
1790506226109,28.629698,77.318693,0.0,CNG,,14.9,,811,39.2
1790506227373,28.629698,77.318688,0.0,CNG,,14.9,,809,39.6
1790506228109,28.629698,77.318688,0.0,CNG,,14.9,,812,39.6
1790506228918,28.629699,77.318685,0.0,CNG,,14.9,,813,39.6
1790506230349,28.629699,77.318678,0.0,CNG,,14.9,,816,39.2
1790506231130,28.629699,77.318678,0.0,CNG,,14.9,,817,39.2
1790506231873,28.629696,77.318679,0.0,CNG,,14.9,,813,39.2
1790506233381,28.629696,77.318679,0.0,CNG,,14.9,,819,38.8
1790506234197,28.629696,77.318679,0.0,CNG,,14.9,,813,38.8
1790506235002,28.629697,77.318676,0.0,CNG,,14.9,,798,38.8
1790506236327,28.629699,77.318671,0.0,CNG,,14.9,,747,35.7
1790506237143,28.629699,77.318671,0.0,CNG,,14.9,,830,35.7
1790506237909,28.629700,77.318667,3.0,CNG,,14.9,,787,35.7
1790506239295,28.629700,77.318655,5.0,CNG,,14.9,,800,30.6
1790506240065,28.629697,77.318655,3.0,CNG,,14.9,,820,30.6
1790506240922,28.629697,77.318650,0.0,CNG,,14.9,,789,30.6
1790506242216,28.629692,77.318641,0.0,CNG,,21.6,,798,51.8
1790506243072,28.629691,77.318641,3.0,CNG,,14.9,,811,51.8
1790506243860,28.629687,77.318642,3.0,CNG,,14.9,,839,51.8
1790506245310,28.629687,77.318642,2.0,CNG,,14.9,,842,42.4
1790506246107,28.629687,77.318642,3.0,CNG,,14.9,,811,42.4
1790506246917,28.629688,77.318655,2.0,CNG,,14.9,,806,42.4
1790506248390,28.629684,77.318663,0.0,CNG,,14.9,,799,66.7
1790506249210,28.629684,77.318663,2.0,CNG,,14.9,,1025,66.7
1790506249961,28.629681,77.318660,4.0,CNG,,14.9,,745,66.7
1790506251383,28.629654,77.318644,5.0,CNG,7.71,14.9,,754,25.1
1790506252186,28.629654,77.318644,5.0,CNG,9.81,14.9,1,720,25.1
1790506252955,28.629638,77.318641,5.0,CNG,10.06,17.6,1,736,25.1
1790506254333,28.629612,77.318641,5.0,CNG,5.37,22.7,,690,76.1
1790506255144,28.629612,77.318641,9.0,CNG,5.56,23.1,1,1232,76.1
1790506255893,28.629588,77.318648,11.0,CNG,8.98,14.9,1,1478,76.1
1790506257205,28.629561,77.318657,11.0,CNG,7.61,22.4,,1113,72.5
1790506257877,28.629531,77.318664,14.0,CNG,8.78,22.0,2,1012,72.5
1790506258553,28.629496,77.318676,15.0,CNG,9.80,21.6,2,1135,72.5
1790506259743,28.629459,77.318690,16.0,CNG,11.49,20.4,2,1198,41.6
1790506260416,28.629420,77.318706,17.0,CNG,13.55,20.0,2,1250,41.6
1790506261039,28.629420,77.318706,17.0,CNG,14.63,20.0,2,1268,41.6
1790506262237,28.629383,77.318725,17.0,CNG,18.17,14.9,2,1236,31.0
1790506262867,28.629350,77.318741,15.0,CNG,21.44,14.9,,949,31.0
1790506263544,28.629316,77.318748,14.0,CNG,24.33,14.9,3,807,31.0
1790506264723,28.629291,77.318736,12.0,CNG,30.56,14.9,,730,23.5
1790506265351,28.629274,77.318713,10.0,CNG,27.65,17.6,2,731,23.5
1790506265980,28.629274,77.318713,10.0,CNG,20.36,22.4,2,767,23.5
1790506267215,28.629263,77.318686,9.0,CNG,17.86,19.6,,692,71.0
1790506267846,28.629256,77.318660,10.0,CNG,13.24,21.2,2,724,71.0
1790506268481,28.629250,77.318631,11.0,CNG,11.26,26.3,2,786,71.0
1790506269756,28.629253,77.318593,13.0,CNG,9.76,24.3,2,921,77.3
1790506270454,28.629274,77.318557,15.0,CNG,11.06,23.5,2,1125,77.3
1790506271096,28.629274,77.318557,16.0,CNG,9.81,23.9,2,1220,77.3
1790506272312,28.629370,77.318528,18.0,CNG,9.63,23.9,2,1317,57.6
1790506272916,28.629370,77.318528,20.0,CNG,9.83,23.9,2,1511,57.6
1790506273592,28.629423,77.318511,22.0,CNG,10.48,23.9,2,1595,57.6
1790506274752,28.629475,77.318490,23.0,CNG,10.77,23.9,2,1679,49.0
1790506275408,28.629529,77.318469,25.0,CNG,11.24,23.9,2,1840,49.0
1790506276032,28.629529,77.318469,26.0,CNG,11.10,25.1,2,1901,49.0
1790506277286,28.629588,77.318446,27.0,CNG,11.93,24.7,2,1982,22.7
1790506277981,28.629652,77.318415,27.0,CNG,15.85,23.9,3,1444,22.7
1790506278687,28.629712,77.318386,28.0,CNG,15.32,25.9,3,1451,22.7
1790506279807,28.629778,77.318355,29.0,CNG,15.57,24.7,3,1484,45.9
1790506280478,28.629850,77.318323,31.0,CNG,18.30,22.7,3,1586,45.9
1790506281129,28.629850,77.318323,31.0,CNG,20.28,21.6,3,1594,45.9
1790506282299,28.629928,77.318285,31.0,CNG,24.22,20.4,3,1617,23.1
1790506282971,28.630002,77.318255,31.0,CNG,26.83,20.4,3,1605,23.1
1790506283624,28.630077,77.318222,32.0,CNG,31.70,14.9,3,1520,23.1
1790506284798,28.630150,77.318191,31.0,CNG,22.19,22.4,5,903,56.1
1790506285475,28.630221,77.318162,31.0,CNG,28.71,14.9,4,1177,56.1
1790506286146,28.630221,77.318162,30.0,CNG,33.72,14.9,5,1012,56.1
1790506287290,28.630339,77.318084,28.0,CNG,37.86,14.9,5,858,35.7
1790506287943,28.630339,77.318084,27.0,CNG,19.32,28.2,4,1054,35.7
1790506288706,28.630397,77.318032,28.0,CNG,16.69,27.8,4,1078,35.7
1790506289793,28.630441,77.317966,29.0,CNG,15.27,27.5,4,1146,85.9
1790506290473,28.630490,77.317897,32.0,CNG,22.74,14.9,4,1230,85.9
1790506291123,28.630490,77.317897,32.0,CNG,19.59,27.5,5,915,85.9
1790506292449,28.630586,77.317761,32.0,CNG,18.68,23.9,3,1619,21.6
1790506293070,28.630586,77.317761,32.0,CNG,24.64,14.9,3,1495,21.6
1790506293694,28.630626,77.317682,31.0,CNG,33.45,14.9,5,885,21.6
1790506294818,28.630643,77.317599,30.0,CNG,41.75,14.9,,791,22.7
1790506295469,28.630642,77.317519,27.0,CNG,23.27,31.0,,714,22.7
1790506296203,28.630642,77.317519,28.0,CNG,17.65,29.0,,1258,22.7
1790506297370,28.630610,77.317362,29.0,CNG,16.64,29.4,4,1138,75.3
1790506297981,28.630610,77.317362,32.0,CNG,17.01,25.5,4,1247,75.3
1790506298656,28.630578,77.317278,33.0,CNG,24.47,17.3,4,1273,75.3
1790506299816,28.630545,77.317194,34.0,CNG,31.58,16.9,4,1276,20.0
1790506300487,28.630516,77.317113,31.0,CNG,36.71,18.4,4,1203,20.0
1790506301151,28.630516,77.317113,31.0,CNG,40.35,14.9,4,1216,20.0
1790506302379,28.630464,77.316958,30.0,CNG,43.35,14.9,5,923,34.5
1790506303021,28.630464,77.316958,21.0,CNG,38.18,14.9,4,794,34.5
1790506303726,28.630445,77.316906,18.0,CNG,34.55,14.9,,794,34.5
1790506304933,28.630424,77.316872,15.0,CNG,30.01,14.9,3,793,36.9
1790506305597,28.630410,77.316849,11.0,CNG,26.67,18.0,2,800,36.9
1790506306215,28.630410,77.316849,11.0,CNG,15.37,22.7,2,805,36.9
1790506307348,28.630360,77.316825,11.0,CNG,11.30,23.1,2,838,79.2
1790506307968,28.630360,77.316825,13.0,CNG,14.24,21.6,2,889,79.2
1790506308610,28.630333,77.316820,12.0,CNG,10.65,22.7,2,915,79.2
1790506309759,28.630300,77.316820,13.0,CNG,15.55,14.9,2,1009,29.8
1790506310404,28.630271,77.316826,12.0,CNG,7.34,28.6,2,911,29.8
1790506311167,28.630271,77.316826,15.0,CNG,5.26,31.8,1,1995,29.8
1790506312343,28.630196,77.316855,18.0,CNG,7.05,14.9,1,2506,19.2
1790506312978,28.630196,77.316855,19.0,CNG,6.58,30.6,,1751,19.2
1790506313755,28.630152,77.316870,22.0,CNG,7.03,29.0,2,1661,19.2
1790506314911,28.630097,77.316893,25.0,CNG,7.92,28.2,2,1825,54.5
1790506315582,28.630030,77.316918,28.0,CNG,12.62,14.9,2,2066,54.5
1790506316203,28.629964,77.316943,28.0,CNG,11.07,28.6,3,1392,54.5
1790506317462,28.629893,77.316971,29.0,CNG,11.64,26.7,3,1518,63.1
1790506318090,28.629893,77.316971,32.0,CNG,13.26,24.3,3,1614,63.1
1790506318752,28.629819,77.316995,32.0,CNG,14.47,24.3,3,1673,63.1
1790506319913,28.629743,77.317017,33.0,CNG,14.86,24.3,3,1693,51.8
1790506320583,28.629661,77.317049,35.0,CNG,16.10,14.9,3,1775,51.8
1790506321222,28.629661,77.317049,35.0,CNG,20.96,23.9,4,1272,51.8
1790506322379,28.629499,77.317109,35.0,CNG,22.33,23.9,4,1397,50.6
1790506323096,28.629499,77.317109,35.0,CNG,23.16,23.9,4,1373,50.6
1790506323746,28.629416,77.317141,36.0,CNG,22.79,23.9,4,1405,50.6
1790506324885,28.629330,77.317173,37.0,CNG,23.63,23.9,4,1422,47.8
1790506325525,28.629240,77.317205,38.0,CNG,24.22,23.9,4,1444,47.8
1790506326228,28.629240,77.317205,38.0,CNG,25.12,23.5,4,1461,47.8
1790506327389,28.629062,77.317274,38.0,CNG,24.54,23.5,4,1466,45.5
1790506328044,28.629062,77.317274,38.0,CNG,24.30,23.9,4,1486,45.5
1790506328705,28.628972,77.317309,38.0,CNG,24.15,23.5,4,1490,45.5
1790506329894,28.628881,77.317344,39.0,CNG,25.08,23.5,4,1499,44.3
1790506330630,28.628790,77.317380,39.0,CNG,25.94,23.5,4,1507,44.3
1790506331289,28.628790,77.317380,39.0,CNG,26.28,23.5,4,1517,44.3
1790506332509,28.628606,77.317453,39.0,CNG,23.73,23.1,4,1523,46.3
1790506333169,28.628606,77.317453,39.0,CNG,23.55,22.4,4,1543,46.3
1790506333851,28.628513,77.317490,40.0,CNG,28.40,19.6,4,1522,46.3
1790506335011,28.628422,77.317527,39.0,CNG,35.94,14.9,4,1497,31.0
1790506335691,28.628338,77.317562,35.0,CNG,42.41,14.9,5,1043,31.0
1790506336316,28.628264,77.317591,31.0,CNG,43.03,14.9,5,915,31.0
1790506337497,28.628209,77.317614,26.0,CNG,41.13,14.9,5,805,36.5
1790506338144,28.628209,77.317614,19.0,CNG,40.27,14.9,4,800,36.5
1790506338765,28.628164,77.317633,16.0,CNG,36.70,14.9,3,799,36.5
1790506339963,28.628134,77.317648,13.0,CNG,37.52,14.9,,768,22.4
1790506340669,28.628107,77.317660,11.0,CNG,35.93,14.9,2,745,22.4
1790506341334,28.628086,77.317673,10.0,CNG,39.30,14.9,2,724,22.4
1790506342476,28.628066,77.317684,9.0,CNG,37.13,14.9,2,725,23.1
1790506343096,28.628066,77.317684,9.0,CNG,28.67,14.9,2,714,23.1
1790506343784,28.628046,77.317695,8.0,CNG,26.37,14.9,,715,23.1
1790506344962,28.628028,77.317706,8.0,CNG,12.40,23.5,,714,39.6
1790506345605,28.628007,77.317721,10.0,CNG,11.51,21.2,1,1349,39.6
1790506346252,28.628007,77.317721,10.0,CNG,10.74,19.2,,1498,39.6
1790506347426,28.627965,77.317750,11.0,CNG,12.77,14.9,1,1429,22.7
1790506348078,28.627965,77.317750,6.0,CNG,13.41,14.9,1,796,22.7
1790506348709,28.627956,77.317756,2.0,CNG,7.53,14.9,,711,22.7
1790506349867,28.627953,77.317759,1.0,CNG,5.87,14.9,,765,43.1
1790506350544,28.627951,77.317761,1.0,CNG,,14.9,,974,43.1
1790506351175,28.627951,77.317761,2.0,CNG,,21.2,,942,43.1
1790506352314,28.627939,77.317775,3.0,CNG,,21.2,,797,57.6
1790506352930,28.627939,77.317775,5.0,CNG,4.53,14.9,,814,57.6
1790506353626,28.627930,77.317783,5.0,CNG,5.91,14.9,,806,57.6
1790506354812,28.627922,77.317793,5.0,CNG,5.34,21.6,,807,61.6
1790506355500,28.627914,77.317805,6.0,CNG,6.49,14.9,1,781,61.6
1790506356109,28.627914,77.317805,5.0,CNG,6.45,19.2,,807,61.6
1790506357342,28.627893,77.317828,6.0,CNG,7.92,21.6,1,809,71.0
1790506358008,28.627893,77.317828,9.0,CNG,7.33,23.1,1,1149,71.0
1790506358703,28.627879,77.317850,10.0,CNG,7.98,14.9,1,1453,71.0
1790506359887,28.627867,77.317876,11.0,CNG,11.21,21.6,,1106,71.4
1790506360584,28.627854,77.317905,12.0,CNG,10.92,22.4,2,862,71.4
1790506361249,28.627854,77.317905,13.0,CNG,13.19,20.8,2,979,71.4
1790506362441,28.627823,77.317976,14.0,CNG,11.28,23.9,2,1031,63.1
1790506363112,28.627823,77.317976,17.0,CNG,10.10,23.9,2,1248,63.1
1790506363768,28.627802,77.318019,18.0,CNG,12.31,14.9,2,1324,63.1
1790506364889,28.627777,77.318061,18.0,CNG,13.41,20.4,2,1385,34.9
1790506365547,28.627748,77.318101,19.0,CNG,14.64,20.4,2,1376,34.9
1790506366203,28.627748,77.318101,18.0,CNG,14.89,20.4,2,1379,34.9
1790506367354,28.627680,77.318168,19.0,CNG,15.55,20.4,2,1386,31.0
1790506368022,28.627680,77.318168,19.0,CNG,16.85,19.6,2,1394,31.0
1790506368688,28.627642,77.318193,19.0,CNG,17.53,19.6,2,1402,31.0
1790506369907,28.627602,77.318211,19.0,CNG,21.72,19.6,2,1399,21.2
1790506370559,28.627561,77.318222,19.0,CNG,25.47,20.0,2,1402,21.2
1790506371182,28.627561,77.318222,19.0,CNG,25.66,19.6,2,1400,21.2
1790506372390,28.627477,77.318227,19.0,CNG,25.34,19.6,2,1424,20.4
1790506373035,28.627477,77.318227,20.0,CNG,27.41,18.8,2,1456,20.4
1790506373709,28.627416,77.318219,19.0,CNG,26.53,18.8,2,1460,20.4
1790506374973,28.627361,77.318200,19.0,CNG,26.38,18.4,2,1416,20.4
1790506375659,28.627322,77.318177,18.0,CNG,25.71,16.9,2,1365,20.4
1790506376258,28.627322,77.318177,17.0,CNG,24.20,20.4,2,1304,20.4
1790506377392,28.627261,77.318114,17.0,CNG,23.05,20.4,2,1280,29.4
1790506378048,28.627261,77.318114,17.0,CNG,19.61,14.9,2,1285,29.4
1790506378706,28.627238,77.318074,18.0,CNG,18.32,23.9,2,1293,29.4
1790506379861,28.627218,77.318029,18.0,CNG,15.63,22.4,2,1331,23.5
1790506380570,28.627201,77.317982,18.0,CNG,15.44,21.6,2,1370,23.5
1790506381246,28.627201,77.317982,19.0,CNG,12.98,23.1,2,1404,23.5
1790506382409,28.627167,77.317879,20.0,CNG,12.04,21.2,2,1448,49.0
1790506383056,28.627167,77.317879,21.0,CNG,11.91,23.1,2,1557,49.0
1790506383734,28.627149,77.317823,22.0,CNG,12.16,23.9,2,1617,49.0
1790506384846,28.627133,77.317763,23.0,CNG,17.80,14.9,2,1687,48.6
1790506385527,28.627117,77.317700,23.0,CNG,18.01,21.6,3,1176,48.6
1790506386149,28.627117,77.317700,24.0,CNG,17.92,22.0,3,1233,48.6
1790506387319,28.627086,77.317566,25.0,CNG,17.49,22.0,3,1275,43.1
1790506387963,28.627086,77.317566,26.0,CNG,18.10,23.1,3,1342,43.1
1790506388624,28.627067,77.317496,27.0,CNG,19.07,23.1,3,1392,43.1
1790506389813,28.627044,77.317418,29.0,CNG,19.52,23.1,3,1496,40.0
1790506390479,28.627019,77.317337,31.0,CNG,25.98,14.9,3,1587,40.0
1790506391125,28.627019,77.317337,30.0,CNG,26.65,21.6,4,1045,40.0
1790506392328,28.626967,77.317175,31.0,CNG,28.36,21.6,4,1198,40.4
1790506392977,28.626967,77.317175,32.0,CNG,30.94,20.8,4,1222,40.4
1790506393610,28.626940,77.317092,31.0,CNG,33.37,20.4,4,1217,40.4
1790506394764,28.626912,77.317007,32.0,CNG,39.26,20.0,4,1227,26.3
1790506395485,28.626884,77.316924,32.0,CNG,42.32,19.6,4,1236,26.3
1790506396104,28.626884,77.316924,32.0,CNG,46.03,14.9,4,1233,26.3
1790506397249,28.626855,77.316840,32.0,CNG,66.47,14.9,5,944,25.5
1790506397856,28.626827,77.316762,29.0,CNG,65.58,14.9,,728,25.5
1790506398556,28.626801,77.316690,26.0,CNG,64.52,14.9,5,767,25.5
1790506399705,28.626779,77.316626,24.0,CNG,49.49,14.9,5,776,45.5
1790506400393,28.626758,77.316563,24.0,CNG,24.54,23.1,3,1288,45.5
1790506401025,28.626758,77.316563,25.0,CNG,19.30,23.9,3,1259,45.5
1790506402178,28.626736,77.316495,26.0,CNG,16.94,24.7,3,1317,64.3
1790506402795,28.626712,77.316424,28.0,CNG,15.75,25.1,3,1438,64.3
1790506403547,28.626688,77.316347,30.0,CNG,15.40,25.1,3,1510,64.3
1790506404645,28.626664,77.316265,31.0,CNG,15.09,25.1,3,1578,49.8
1790506405321,28.626638,77.316177,33.0,CNG,16.40,25.1,3,1677,49.8
1790506405919,28.626638,77.316177,34.0,CNG,20.54,14.9,3,1730,49.8
1790506407104,28.626611,77.316087,34.0,CNG,19.13,25.5,3,1753,31.0
1790506407901,28.626582,77.315995,35.0,CNG,24.89,20.0,4,1404,31.0
1790506408567,28.626553,77.315902,35.0,CNG,32.31,20.0,4,1343,31.0
1790506409737,28.626524,77.315810,35.0,CNG,36.05,19.6,4,1362,23.5
1790506410395,28.626494,77.315717,35.0,CNG,43.68,14.9,4,1350,23.5
1790506411032,28.626494,77.315717,33.0,CNG,57.44,14.9,,795,23.5
1790506412183,28.626468,77.315632,30.0,CNG,65.02,14.9,,742,22.7
1790506412801,28.626445,77.315561,23.0,CNG,64.16,14.9,5,711,22.7
1790506413447,28.626426,77.315507,20.0,CNG,56.24,14.9,4,712,22.7
1790506414573,28.626413,77.315463,17.0,CNG,52.88,14.9,4,718,33.3
1790506415229,28.626413,77.315463,13.0,CNG,36.53,14.9,,780,33.3
1790506415830,28.626400,77.315429,11.0,CNG,28.01,14.9,2,774,33.3
1790506417019,28.626391,77.315403,9.0,CNG,23.82,14.9,,789,36.9
1790506417660,28.626383,77.315379,9.0,CNG,21.09,14.9,,790,36.9
1790506418333,28.626375,77.315356,9.0,CNG,16.87,14.9,,801,36.9
1790506419477,28.626366,77.315334,9.0,CNG,15.84,14.9,,808,37.6
1790506420110,28.626366,77.315334,6.0,CNG,13.26,14.9,1,808,37.6
1790506420721,28.626361,77.315319,5.0,CNG,12.18,20.8,,801,37.6
1790506421923,28.626356,77.315305,5.0,CNG,6.10,22.7,,832,42.7
1790506422572,28.626349,77.315287,8.0,CNG,6.43,20.8,1,1065,42.7
1790506423243,28.626349,77.315287,8.0,CNG,6.74,21.6,,1181,42.7
1790506424382,28.626333,77.315239,9.0,CNG,7.44,21.2,,1342,27.8
1790506425018,28.626333,77.315239,10.0,CNG,8.99,20.0,,1492,27.8
1790506425629,28.626324,77.315212,11.0,CNG,10.92,20.0,1,1571,27.8
1790506426745,28.626314,77.315181,11.0,CNG,12.23,20.0,1,1622,20.4
1790506427357,28.626304,77.315152,12.0,CNG,13.88,20.0,1,1653,20.4
1790506428005,28.626304,77.315152,12.0,CNG,14.79,20.0,1,1671,20.4
1790506429135,28.626293,77.315121,12.0,CNG,14.86,20.0,1,1688,20.0
1790506429799,28.626282,77.315091,12.0,CNG,13.83,20.4,1,1716,20.0
1790506430464,28.626271,77.315058,12.0,CNG,13.84,20.4,1,1760,20.0
1790506431648,28.626260,77.315026,13.0,CNG,13.59,20.4,1,1808,20.8
1790506432300,28.626248,77.314994,13.0,CNG,12.82,19.6,1,1819,20.8
1790506432926,28.626248,77.314994,12.0,CNG,11.99,19.6,,1777,20.8
1790506434055,28.626237,77.314963,12.0,CNG,12.48,14.9,1,1727,32.9
1790506434759,28.626227,77.314934,10.0,CNG,14.05,14.9,,1114,32.9
1790506435371,28.626220,77.314915,7.0,CNG,12.31,14.9,1,1012,32.9
1790506436543,28.626214,77.314898,6.0,CNG,11.22,17.6,,904,57.6
1790506437200,28.626214,77.314898,7.0,CNG,13.45,14.9,,530,57.6
1790506437840,28.626207,77.314881,7.0,CNG,8.67,22.4,,786,57.6
1790506439032,28.626201,77.314862,8.0,CNG,7.77,22.0,,845,51.4
1790506439660,28.626192,77.314837,10.0,CNG,11.23,14.9,,677,51.4
1790506440270,28.626192,77.314837,9.0,CNG,15.65,14.9,2,738,51.4
1790506441494,28.626174,77.314790,9.0,CNG,18.78,15.7,2,731,22.7
1790506442106,28.626174,77.314790,9.0,CNG,13.65,22.4,2,718,22.7
1790506442776,28.626166,77.314768,9.0,CNG,11.58,14.9,,786,22.7
1790506443929,28.626158,77.314743,10.0,CNG,15.11,14.9,,659,22.7
1790506444571,28.626149,77.314719,9.0,CNG,16.63,14.9,2,710,22.7
1790506445217,28.626149,77.314719,9.0,CNG,14.09,20.0,2,719,22.7
1790506446334,28.626136,77.314677,7.0,CNG,13.72,20.0,1,993,36.5
1790506446977,28.626136,77.314677,8.0,CNG,11.43,20.0,1,1149,36.5
1790506447608,28.626128,77.314655,9.0,CNG,10.20,20.0,1,1250,36.5
1790506448731,28.626120,77.314630,9.0,CNG,9.66,20.0,1,1298,34.9
1790506449355,28.626111,77.314605,10.0,CNG,9.40,20.0,1,1407,34.9
1790506449973,28.626111,77.314605,10.0,CNG,7.21,23.1,1,1454,34.9
1790506451106,28.626102,77.314576,11.0,CNG,6.71,23.1,1,1574,38.0
1790506451797,28.626092,77.314542,13.0,CNG,9.06,24.3,,1282,38.0
1790506452454,28.626081,77.314506,13.0,CNG,8.33,24.3,,1144,38.0
1790506453622,28.626068,77.314466,15.0,CNG,9.84,20.4,2,1111,26.7
1790506454297,28.626068,77.314466,15.0,CNG,13.74,19.6,2,1154,26.7
1790506454939,28.626055,77.314426,15.0,CNG,13.37,21.6,2,1156,26.7
1790506456148,28.626041,77.314384,16.0,CNG,14.47,21.6,2,1192,36.5
1790506456797,28.626027,77.314340,17.0,CNG,16.91,22.0,2,1252,36.5
1790506457470,28.626013,77.314294,17.0,CNG,15.71,22.0,2,1279,36.5
1790506458685,28.625997,77.314246,18.0,CNG,15.98,22.4,2,1320,40.0
1790506459325,28.625981,77.314195,19.0,CNG,16.20,22.4,2,1437,40.0
1790506459952,28.625981,77.314195,20.0,CNG,19.91,20.0,2,1477,40.0
1790506461132,28.625965,77.314142,20.0,CNG,21.18,20.4,2,1500,25.5
1790506461798,28.625949,77.314087,21.0,CNG,21.37,21.2,2,1534,25.5
1790506462495,28.625934,77.314031,21.0,CNG,19.18,21.6,2,1569,25.5
1790506463668,28.625919,77.313972,22.0,CNG,17.77,21.6,2,1616,46.3
1790506464366,28.625903,77.313911,22.0,CNG,13.57,23.5,2,1652,46.3
1790506464985,28.625903,77.313911,23.0,CNG,15.41,23.5,2,1713,46.3
1790506466133,28.625890,77.313850,23.0,CNG,13.69,23.5,2,1758,48.2
1790506466805,28.625874,77.313785,24.0,CNG,12.93,23.5,2,1804,48.2
1790506467426,28.625857,77.313717,25.0,CNG,13.00,23.5,2,1892,48.2
1790506468629,28.625840,77.313646,26.0,CNG,17.33,14.9,2,1938,23.5
1790506469315,28.625821,77.313574,26.0,CNG,17.20,24.3,3,1413,23.5
1790506469932,28.625821,77.313574,27.0,CNG,17.32,24.3,3,1382,23.5
1790506471119,28.625803,77.313499,28.0,CNG,17.14,24.3,3,1435,49.0
1790506471725,28.625781,77.313421,30.0,CNG,18.10,24.3,3,1523,49.0
1790506472407,28.625757,77.313339,31.0,CNG,18.63,24.3,3,1562,49.0
1790506473531,28.625732,77.313254,32.0,CNG,18.60,24.3,3,1616,44.3
1790506474202,28.625732,77.313254,33.0,CNG,19.32,24.3,3,1700,44.3
1790506474823,28.625706,77.313165,34.0,CNG,19.33,24.3,3,1746,44.3
1790506475987,28.625678,77.313072,35.0,CNG,26.29,14.9,3,1799,42.7
1790506476597,28.625650,77.312978,36.0,CNG,24.52,23.9,4,1376,42.7
1790506477247,28.625650,77.312978,37.0,CNG,23.66,24.3,4,1415,42.7
1790506478375,28.625591,77.312780,37.0,CNG,23.73,24.3,4,1453,47.5
1790506479040,28.625591,77.312780,39.0,CNG,22.21,24.3,4,1495,47.5
1790506479684,28.625560,77.312676,39.0,CNG,21.48,24.3,4,1528,47.5
1790506481237,28.625529,77.312569,40.0,CNG,21.00,24.3,4,1553,54.1
1790506482048,28.625496,77.312460,41.0,CNG,20.69,24.3,4,1601,54.1
1790506482875,28.625463,77.312348,42.0,CNG,20.95,24.3,4,1637,54.1
1790506484314,28.625391,77.312118,43.0,CNG,21.21,24.3,4,1661,51.4
1790506485236,28.625391,77.312118,44.0,CNG,30.62,23.9,4,1702,51.4
1790506486071,28.625353,77.312003,44.0,CNG,29.85,24.3,5,1300,51.4
1790506487567,28.625276,77.311767,44.0,CNG,28.43,24.3,5,1313,54.9
1790506488437,28.625235,77.311647,46.0,CNG,28.42,24.3,5,1363,54.9
1790506489263,28.625235,77.311647,47.0,CNG,28.20,24.7,5,1379,54.9
1790506490394,28.625149,77.311401,47.0,CNG,28.87,24.3,5,1404,51.4
1790506491045,28.625149,77.311401,48.0,CNG,29.21,24.3,5,1425,51.4
1790506491679,28.625106,77.311275,48.0,CNG,29.58,24.7,5,1435,51.4
1790506492874,28.625064,77.311146,49.0,CNG,29.74,24.3,5,1445,50.2
1790506493483,28.625023,77.311017,49.0,CNG,29.83,24.3,5,1461,50.2
1790506494181,28.625023,77.311017,49.0,CNG,29.80,24.3,5,1466,50.2
1790506495362,28.624942,77.310755,49.0,CNG,29.60,24.3,5,1461,49.0
1790506496044,28.624942,77.310755,50.0,CNG,29.38,24.7,5,1478,49.0
1790506496657,28.624900,77.310624,50.0,CNG,29.41,24.3,5,1479,49.0
1790506497787,28.624859,77.310492,50.0,CNG,29.60,24.3,5,1480,55.7
1790506498389,28.624818,77.310361,50.0,CNG,27.98,24.3,5,1473,55.7
1790506499086,28.624818,77.310361,50.0,CNG,26.76,24.3,5,1482,55.7
1790506500247,28.624777,77.310229,50.0,CNG,25.82,24.7,5,1491,58.4
1790506500912,28.624735,77.310096,51.0,CNG,25.28,24.7,5,1502,58.4
1790506501591,28.624693,77.309962,50.0,CNG,25.40,24.3,5,1503,58.4
1790506502780,28.624652,77.309828,50.0,CNG,25.62,24.3,5,1498,57.3
1790506503431,28.624610,77.309695,50.0,CNG,25.21,24.7,5,1502,57.3
1790506504126,28.624610,77.309695,50.0,CNG,27.35,24.7,5,1497,57.3
1790506505294,28.624528,77.309428,50.0,CNG,29.62,25.5,5,1501,50.6
1790506506036,28.624528,77.309428,51.0,CNG,29.89,24.7,5,1513,50.6
1790506506710,28.624487,77.309292,51.0,CNG,30.10,24.7,5,1528,50.6
1790506507964,28.624444,77.309155,52.0,CNG,29.81,24.7,5,1538,47.5
1790506508575,28.624402,77.309018,53.0,CNG,30.12,24.7,5,1552,47.5
1790506509244,28.624402,77.309018,53.0,CNG,30.74,24.7,5,1575,47.5
1790506510379,28.624309,77.308733,54.0,CNG,30.83,24.7,5,1605,45.5
1790506511077,28.624309,77.308733,55.0,CNG,31.44,24.7,5,1640,45.5
1790506511683,28.624261,77.308587,56.0,CNG,33.30,24.3,5,1644,45.5
1790506512859,28.624212,77.308438,56.0,CNG,34.14,22.4,5,1669,36.5
1790506513490,28.624161,77.308289,58.0,CNG,36.36,22.7,5,1717,36.5
1790506514152,28.624161,77.308289,58.0,CNG,38.88,22.7,5,1732,36.5
1790506515285,28.624107,77.308137,59.0,CNG,39.87,22.7,5,1743,34.9
1790506515969,28.624054,77.307982,59.0,CNG,37.75,22.7,5,1760,34.9
1790506516646,28.623999,77.307826,60.0,CNG,37.28,22.7,5,1766,34.9
1790506517845,28.623944,77.307669,60.0,CNG,36.27,22.7,5,1795,42.7
1790506518503,28.623889,77.307509,61.0,CNG,34.99,23.1,5,1802,42.7
1790506519284,28.623889,77.307509,62.0,CNG,35.08,22.7,5,1825,42.7
1790506520427,28.623778,77.307185,62.0,CNG,34.46,23.1,5,1838,41.6
1790506521058,28.623778,77.307185,63.0,CNG,40.68,22.4,5,1850,41.6
1790506521710,28.623721,77.307022,62.0,CNG,40.02,22.4,5,1869,41.6
1790506522854,28.623666,77.306858,63.0,CNG,42.37,22.7,5,1866,31.8
1790506523491,28.623610,77.306693,63.0,CNG,44.39,22.7,5,1859,31.8
1790506524206,28.623610,77.306693,63.0,CNG,45.58,22.7,5,1866,31.8
1790506525363,28.623497,77.306365,63.0,CNG,44.43,14.9,5,1864,25.5
1790506526021,28.623497,77.306365,63.0,CNG,47.69,22.0,5,1880,25.5
1790506526636,28.623440,77.306200,63.0,CNG,49.78,22.0,5,1871,25.5
1790506527764,28.623382,77.306035,63.0,CNG,50.67,22.0,5,1878,29.0
1790506528431,28.623326,77.305870,63.0,CNG,58.84,16.9,5,1874,29.0
1790506529109,28.623326,77.305870,63.0,CNG,55.60,16.5,5,1870,29.0
1790506530252,28.623272,77.305704,63.0,CNG,61.18,14.9,5,1869,19.6
1790506530878,28.623218,77.305539,62.0,CNG,67.91,14.9,5,1837,19.6
1790506531531,28.623164,77.305379,60.0,CNG,67.55,14.9,5,1802,19.6
1790506532664,28.623114,77.305231,57.0,CNG,71.70,14.9,5,1711,20.0
1790506533285,28.623114,77.305231,53.0,CNG,73.33,14.9,5,1595,20.0
1790506533996,28.623064,77.305090,53.0,CNG,59.19,14.9,5,1618,20.0
1790506535149,28.623015,77.304952,53.0,CNG,64.91,22.7,5,1557,27.1
1790506535812,28.622965,77.304815,53.0,CNG,66.39,14.9,5,1577,27.1
1790506536476,28.622914,77.304681,51.0,CNG,67.82,14.9,5,1530,27.1
1790506537712,28.622867,77.304556,49.0,CNG,69.22,14.9,5,1469,20.4
1790506538323,28.622824,77.304434,46.0,CNG,38.60,24.3,5,1412,20.4
1790506539047,28.622824,77.304434,47.0,CNG,38.29,14.9,5,1388,20.4
1790506540200,28.622782,77.304311,47.0,CNG,30.16,23.9,5,1379,55.7
1790506540825,28.622742,77.304187,47.0,CNG,31.10,14.9,5,1404,55.7
1790506541524,28.622702,77.304061,47.0,CNG,27.23,24.7,5,1421,55.7
1790506542707,28.622662,77.303935,48.0,CNG,25.15,24.3,5,1417,59.2
1790506543354,28.622621,77.303807,49.0,CNG,28.99,23.5,5,1444,59.2
1790506544059,28.622621,77.303807,49.0,CNG,30.61,23.5,5,1455,59.2
1790506545202,28.622579,77.303676,50.0,CNG,31.44,23.5,5,1472,43.1
1790506545831,28.622536,77.303544,50.0,CNG,32.94,23.5,5,1493,43.1
1790506546494,28.622493,77.303411,50.0,CNG,33.92,23.1,5,1506,43.1
1790506547641,28.622450,77.303276,51.0,CNG,43.29,14.9,5,1507,20.4
1790506548255,28.622450,77.303276,51.0,CNG,51.66,14.9,5,1508,20.4
1790506548957,28.622406,77.303142,50.0,CNG,57.29,14.9,5,1503,20.4
1790506550055,28.622363,77.303012,49.0,CNG,62.38,14.9,5,1462,20.4
1790506550711,28.622320,77.302888,46.0,CNG,63.08,17.6,5,1385,20.4
1790506551327,28.622279,77.302766,46.0,CNG,54.01,23.1,5,1391,20.4
1790506552490,28.622237,77.302645,46.0,CNG,44.44,23.1,5,1379,46.7
1790506553150,28.622237,77.302645,47.0,CNG,39.66,23.1,5,1398,46.7
1790506553836,28.622194,77.302522,47.0,CNG,35.59,23.5,5,1405,46.7
1790506554990,28.622152,77.302396,48.0,CNG,34.43,23.5,5,1417,46.3
1790506555620,28.622109,77.302268,49.0,CNG,27.55,25.1,5,1459,46.3
1790506556448,28.622066,77.302138,50.0,CNG,25.75,25.1,5,1472,46.3
1790506557606,28.622021,77.302006,50.0,CNG,25.09,25.1,5,1485,60.0
1790506558252,28.622021,77.302006,50.0,CNG,24.36,25.1,5,1501,60.0
1790506558901,28.621978,77.301873,51.0,CNG,24.73,25.1,5,1510,60.0
1790506560022,28.621935,77.301740,51.0,CNG,24.87,25.1,5,1519,59.6
1790506560674,28.621890,77.301605,51.0,CNG,24.30,25.1,5,1530,59.6
1790506561282,28.621890,77.301605,51.0,CNG,24.61,25.1,5,1530,59.6
1790506562485,28.621796,77.301334,52.0,CNG,24.25,25.1,5,1537,23.9
1790506563152,28.621796,77.301334,52.0,CNG,26.15,25.9,5,1545,23.9
1790506563802,28.621748,77.301199,52.0,CNG,26.16,25.9,5,1538,23.9
1790506564927,28.621701,77.301062,52.0,CNG,26.45,25.9,5,1555,52.5
1790506565608,28.621653,77.300925,53.0,CNG,27.18,25.5,5,1563,52.5
1790506566215,28.621653,77.300925,53.0,CNG,27.89,25.5,5,1573,52.5
1790506567433,28.621559,77.300648,53.0,CNG,28.74,14.9,5,1574,30.6
1790506568036,28.621559,77.300648,53.0,CNG,32.73,22.7,5,1546,30.6
1790506568735,28.621512,77.300509,53.0,CNG,36.28,22.4,5,1568,30.6
1790506569854,28.621465,77.300370,53.0,CNG,39.13,21.6,5,1570,30.2
1790506570485,28.621417,77.300230,53.0,CNG,41.36,21.6,5,1594,30.2
1790506571129,28.621417,77.300230,53.0,CNG,42.82,21.2,5,1579,30.2
1790506572251,28.621368,77.300090,54.0,CNG,45.62,21.2,5,1602,25.1
1790506572898,28.621319,77.299949,54.0,CNG,46.70,22.4,5,1601,25.1
1790506573578,28.621271,77.299807,54.0,CNG,50.82,14.9,5,1598,25.1
1790506574710,28.621223,77.299666,54.0,CNG,58.63,20.0,5,1614,20.8
1790506575412,28.621176,77.299523,54.0,CNG,55.41,20.4,5,1608,20.8
1790506576072,28.621176,77.299523,54.0,CNG,54.09,20.4,5,1613,20.8
1790506577220,28.621129,77.299379,54.0,CNG,46.35,21.6,5,1619,38.8
1790506577854,28.621083,77.299235,55.0,CNG,40.79,22.0,5,1635,38.8
1790506578537,28.621036,77.299089,55.0,CNG,38.74,22.0,5,1637,38.8
1790506579631,28.620988,77.298942,56.0,CNG,36.93,22.0,5,1657,40.8
1790506580294,28.620939,77.298794,56.0,CNG,37.29,22.0,5,1678,40.8
1790506580885,28.620939,77.298794,56.0,CNG,37.81,22.0,5,1681,40.8
1790506582033,28.620889,77.298646,56.0,CNG,43.50,19.6,5,1668,27.5
1790506582665,28.620838,77.298498,56.0,CNG,48.53,20.4,5,1676,27.5
1790506583310,28.620789,77.298349,57.0,CNG,54.78,19.6,5,1685,27.5
1790506584407,28.620741,77.298199,57.0,CNG,54.48,21.2,5,1680,27.5
1790506585094,28.620741,77.298199,57.0,CNG,56.00,21.2,5,1701,27.5
1790506585746,28.620693,77.298048,57.0,CNG,54.97,21.2,5,1690,27.5
1790506586946,28.620644,77.297897,56.0,CNG,52.69,21.2,5,1686,27.5
1790506587602,28.620595,77.297748,56.0,CNG,53.05,19.6,5,1692,27.5
1790506588324,28.620545,77.297600,56.0,CNG,38.42,25.5,5,1652,27.5
1790506589551,28.620494,77.297451,57.0,CNG,34.70,25.1,5,1687,45.5
1790506590189,28.620494,77.297451,57.0,CNG,34.23,24.7,5,1710,45.5
1790506590824,28.620443,77.297300,58.0,CNG,34.20,25.1,5,1710,45.5
1790506592019,28.620392,77.297148,58.0,CNG,33.10,24.7,5,1710,44.7
1790506592694,28.620341,77.296996,58.0,CNG,34.63,24.3,5,1715,44.7
1790506593380,28.620290,77.296843,58.0,CNG,34.22,24.3,5,1713,44.7
1790506594572,28.620238,77.296692,58.0,CNG,34.15,24.3,5,1720,49.4
1790506595293,28.620238,77.296692,58.0,CNG,31.76,24.3,5,1706,49.4
1790506595953,28.620184,77.296541,58.0,CNG,30.39,24.3,5,1722,49.4
1790506597136,28.620129,77.296391,58.0,CNG,29.71,24.3,5,1721,51.8
1790506597821,28.620075,77.296241,58.0,CNG,28.86,24.3,5,1723,51.8
1790506598514,28.620021,77.296091,58.0,CNG,28.67,24.3,5,1718,51.8
1790506599741,28.619967,77.295940,58.0,CNG,28.51,24.3,5,1717,51.4
1790506600370,28.619913,77.295790,58.0,CNG,30.94,24.3,5,1719,51.4
1790506601015,28.619913,77.295790,58.0,CNG,32.20,24.3,5,1716,51.4
1790506602153,28.619858,77.295639,58.0,CNG,33.44,24.3,5,1727,41.2
1790506602765,28.619804,77.295488,58.0,CNG,38.17,23.5,5,1722,41.2
1790506603447,28.619749,77.295338,58.0,CNG,38.00,23.5,5,1728,41.2
1790506604578,28.619694,77.295187,58.0,CNG,38.47,22.7,5,1740,35.3
1790506605265,28.619694,77.295187,58.0,CNG,40.41,22.4,5,1702,35.3
1790506605921,28.619640,77.295037,58.0,CNG,39.04,23.1,5,1713,35.3
1790506607086,28.619585,77.294885,58.0,CNG,37.47,23.9,5,1730,41.6
1790506607723,28.619529,77.294732,60.0,CNG,37.17,23.5,5,1765,41.6
1790506608372,28.619473,77.294576,60.0,CNG,36.94,23.5,5,1768,41.6
1790506609497,28.619416,77.294417,60.0,CNG,36.53,23.5,5,1785,40.0
1790506610163,28.619416,77.294417,61.0,CNG,35.39,23.5,5,1809,40.0
1790506610914,28.619360,77.294257,62.0,CNG,36.36,17.6,5,1831,40.0
1790506612125,28.619306,77.294095,62.0,CNG,40.27,21.2,5,1833,32.5
1790506612777,28.619253,77.293932,62.0,CNG,48.39,14.9,5,1836,32.5
1790506613436,28.619203,77.293768,62.0,CNG,46.39,20.8,5,1831,32.5
1790506614528,28.619154,77.293602,62.0,CNG,47.66,19.2,5,1861,22.4
1790506615176,28.619154,77.293602,62.0,CNG,55.18,14.9,5,1819,22.4
1790506615836,28.619102,77.293440,61.0,CNG,59.57,14.9,5,1821,22.4
1790506616954,28.619052,77.293279,61.0,CNG,62.75,14.9,5,1804,20.0
1790506617592,28.619004,77.293127,56.0,CNG,68.29,14.9,5,1655,20.0
1790506618269,28.619004,77.293127,56.0,CNG,72.19,14.9,5,1664,20.0
1790506619439,28.618912,77.292831,55.0,CNG,75.66,14.9,5,1656,38.4
1790506620099,28.618912,77.292831,55.0,CNG,70.21,14.9,5,1641,38.4
1790506620772,28.618867,77.292683,56.0,CNG,61.05,21.6,5,1649,38.4
1790506621887,28.618822,77.292535,56.0,CNG,55.77,21.2,5,1674,27.8
1790506622577,28.618775,77.292386,56.0,CNG,57.49,20.0,5,1684,27.8
1790506623286,28.618729,77.292236,56.0,CNG,62.80,14.9,5,1685,27.8
1790506624431,28.618681,77.292086,56.0,CNG,53.64,22.0,5,1685,30.2
1790506625087,28.618681,77.292086,57.0,CNG,54.19,21.6,5,1683,30.2
1790506625740,28.618632,77.291937,57.0,CNG,54.04,21.6,5,1684,30.2
1790506626929,28.618580,77.291787,57.0,CNG,47.86,21.6,5,1699,36.1
1790506627583,28.618527,77.291637,57.0,CNG,45.86,21.2,5,1710,36.1
1790506628211,28.618527,77.291637,58.0,CNG,45.50,21.2,5,1718,36.1
1790506629360,28.618421,77.291334,58.0,CNG,45.38,21.2,5,1710,34.9
1790506630004,28.618421,77.291334,58.0,CNG,44.29,20.8,5,1725,34.9
1790506630604,28.618369,77.291181,58.0,CNG,46.05,20.4,5,1743,34.9
1790506631744,28.618318,77.291028,58.0,CNG,47.56,20.4,5,1733,28.6
1790506632382,28.618266,77.290873,59.0,CNG,50.70,20.4,5,1743,28.6
1790506633098,28.618266,77.290873,58.0,CNG,55.50,20.0,5,1729,28.6
1790506634240,28.618213,77.290720,59.0,CNG,65.23,16.9,5,1746,18.8
1790506634923,28.618159,77.290568,58.0,CNG,59.43,21.2,5,1726,18.8
1790506635596,28.618106,77.290415,58.0,CNG,59.24,21.2,5,1723,18.8
1790506636772,28.618053,77.290264,58.0,CNG,56.12,21.2,5,1717,27.5
1790506637424,28.617999,77.290114,58.0,CNG,53.72,21.2,5,1714,27.5
1790506638115,28.617999,77.290114,58.0,CNG,52.93,21.2,5,1714,27.5
1790506639293,28.617893,77.289818,57.0,CNG,51.68,21.2,5,1695,23.9
1790506639929,28.617893,77.289818,56.0,CNG,48.85,22.0,5,1662,23.9
1790506640576,28.617840,77.289671,56.0,CNG,48.66,22.0,5,1670,23.9
1790506641696,28.617786,77.289525,57.0,CNG,46.61,22.0,5,1672,32.2
1790506642354,28.617731,77.289378,57.0,CNG,41.24,23.1,5,1682,32.2
1790506642984,28.617731,77.289378,57.0,CNG,37.79,23.1,5,1682,32.2
1790506644164,28.617675,77.289232,57.0,CNG,34.61,23.1,5,1711,46.7
1790506644841,28.617619,77.289086,56.0,CNG,27.80,31.4,5,1673,46.7
1790506645608,28.617563,77.288940,56.0,CNG,23.59,29.8,5,1674,46.7
1790506646761,28.617506,77.288795,57.0,CNG,27.73,14.9,5,1693,39.6
1790506647383,28.617448,77.288651,56.0,CNG,26.91,25.5,5,1676,39.6
1790506648144,28.617448,77.288651,56.0,CNG,26.42,25.5,5,1680,39.6
1790506649321,28.617329,77.288364,56.0,CNG,28.46,25.5,5,1676,48.2
1790506649972,28.617329,77.288364,57.0,CNG,28.52,25.9,5,1679,48.2
1790506650556,28.617269,77.288220,57.0,CNG,27.83,25.9,5,1690,48.2
1790506651693,28.617207,77.288076,57.0,CNG,28.02,25.9,5,1690,50.6
1790506652335,28.617143,77.287930,58.0,CNG,34.43,14.9,5,1723,50.6
1790506653012,28.617143,77.287930,57.0,CNG,30.67,24.7,5,1708,50.6
1790506654157,28.617079,77.287786,57.0,CNG,31.88,23.9,5,1720,39.6
1790506654837,28.617012,77.287643,58.0,CNG,41.20,14.9,5,1711,39.6
1790506655467,28.616943,77.287501,57.0,CNG,38.15,22.7,5,1708,39.6
1790506656598,28.616870,77.287360,57.0,CNG,40.47,22.4,5,1714,32.5
1790506657211,28.616870,77.287360,58.0,CNG,42.26,22.4,5,1726,32.5
1790506657871,28.616794,77.287220,59.0,CNG,40.20,22.4,5,1748,32.5
1790506658976,28.616713,77.287082,59.0,CNG,42.38,14.9,5,1767,28.6
1790506659624,28.616628,77.286947,59.0,CNG,44.12,20.4,5,1771,28.6
1790506660263,28.616628,77.286947,60.0,CNG,45.53,20.4,5,1772,28.6
1790506661437,28.616455,77.286673,60.0,CNG,46.17,14.9,5,1776,20.4
1790506662087,28.616455,77.286673,59.0,CNG,52.17,14.9,5,1760,20.4
1790506662718,28.616371,77.286539,57.0,CNG,60.66,14.9,5,1706,20.4
1790506663965,28.616289,77.286412,55.0,CNG,67.52,14.9,5,1657,19.6
1790506664609,28.616210,77.286292,52.0,CNG,67.24,14.9,5,1556,19.6
1790506665246,28.616210,77.286292,51.0,CNG,69.85,14.9,5,1524,19.6
1790506666466,28.616054,77.286068,51.0,CNG,73.18,14.9,5,1512,20.0
1790506667106,28.616054,77.286068,49.0,CNG,76.76,14.9,5,1443,20.0
1790506667777,28.615977,77.285961,48.0,CNG,71.23,14.9,5,1436,20.0
1790506668918,28.615901,77.285857,48.0,CNG,74.96,14.9,5,1425,20.4
1790506669590,28.615826,77.285756,46.0,CNG,73.82,14.9,5,1388,20.4
1790506670216,28.615826,77.285756,46.0,CNG,70.91,18.0,5,1365,20.4
1790506671419,28.615679,77.285559,46.0,CNG,74.01,14.9,5,1359,20.8
1790506672026,28.615679,77.285559,45.0,CNG,73.08,14.9,5,1334,20.8
1790506672679,28.615608,77.285464,44.0,CNG,70.38,14.9,5,1323,20.8
1790506673831,28.615537,77.285370,44.0,CNG,73.45,14.9,5,1305,21.2
1790506674480,28.615469,77.285279,43.0,CNG,52.37,21.2,5,1257,21.2
1790506675150,28.615469,77.285279,43.0,CNG,44.89,21.2,5,1300,21.2
1790506676395,28.615326,77.285097,43.0,CNG,39.72,21.2,5,1287,45.1
1790506677054,28.615326,77.285097,43.0,CNG,37.72,21.2,5,1299,45.1
1790506677735,28.615253,77.285007,44.0,CNG,35.68,21.2,5,1295,45.1
1790506678908,28.615178,77.284918,44.0,CNG,35.96,21.2,5,1297,44.7
1790506679635,28.615102,77.284828,44.0,CNG,36.60,21.2,5,1306,44.7
1790506680275,28.615102,77.284828,44.0,CNG,35.07,21.2,5,1316,44.7
1790506681446,28.614948,77.284651,44.0,CNG,37.86,21.2,5,1315,35.3
1790506682061,28.614948,77.284651,45.0,CNG,40.80,21.2,5,1319,35.3
1790506682721,28.614868,77.284564,45.0,CNG,41.43,21.2,5,1324,35.3
1790506683865,28.614787,77.284478,45.0,CNG,43.28,21.2,5,1335,33.7
1790506684514,28.614704,77.284392,45.0,CNG,52.88,20.4,5,1328,33.7
1790506685132,28.614704,77.284392,45.0,CNG,49.67,20.8,5,1343,33.7
1790506686300,28.614538,77.284221,45.0,CNG,48.85,21.2,5,1337,33.3
1790506686923,28.614538,77.284221,45.0,CNG,48.11,21.2,5,1354,33.3
1790506687580,28.614453,77.284137,45.0,CNG,48.50,21.2,5,1348,33.3
1790506688694,28.614367,77.284053,46.0,CNG,49.84,21.2,5,1352,32.9
1790506689352,28.614279,77.283970,46.0,CNG,49.39,23.5,5,1372,32.9
1790506689966,28.614279,77.283970,46.0,CNG,45.71,14.9,5,1379,32.9
1790506691172,28.614190,77.283889,46.0,CNG,38.27,24.3,5,1364,62.7
1790506691862,28.614099,77.283808,47.0,CNG,30.93,24.3,5,1390,62.7
1790506692501,28.614004,77.283729,48.0,CNG,28.87,24.3,5,1420,62.7
1790506693703,28.613904,77.283653,48.0,CNG,26.71,24.3,5,1434,59.6
1790506694336,28.613801,77.283580,49.0,CNG,26.08,24.3,5,1454,59.6
1790506694998,28.613801,77.283580,50.0,CNG,34.67,20.0,5,1467,59.6
1790506696214,28.613696,77.283508,49.0,CNG,38.09,20.8,5,1468,36.5
1790506696823,28.613594,77.283436,49.0,CNG,38.33,20.8,5,1447,36.5
1790506697484,28.613493,77.283361,49.0,CNG,39.95,22.4,5,1450,36.5
1790506698603,28.613396,77.283282,49.0,CNG,39.90,22.4,5,1454,33.7
1790506699239,28.613396,77.283282,49.0,CNG,48.44,14.9,5,1462,33.7
1790506699880,28.613309,77.283195,48.0,CNG,38.73,22.7,5,1437,33.7
1790506701030,28.613227,77.283103,48.0,CNG,37.99,22.7,5,1433,42.0
1790506701656,28.613144,77.283008,49.0,CNG,36.86,22.7,5,1463,42.0
1790506702318,28.613046,77.282905,50.0,CNG,37.36,22.7,5,1467,42.0
1790506703522,28.612951,77.282814,50.0,CNG,36.88,23.1,5,1487,40.8
1790506704199,28.612951,77.282814,51.0,CNG,36.40,23.1,5,1507,40.8
1790506704819,28.612853,77.282725,51.0,CNG,36.99,23.1,5,1507,40.8
1790506706025,28.612752,77.282636,52.0,CNG,37.51,23.1,5,1522,46.7
1790506706655,28.612649,77.282550,52.0,CNG,34.68,22.7,5,1535,46.7
1790506707279,28.612649,77.282550,52.0,CNG,32.98,23.1,5,1548,46.7
1790506708418,28.612440,77.282376,52.0,CNG,28.28,25.5,5,1559,60.0
1790506709235,28.612440,77.282376,53.0,CNG,26.71,25.1,5,1577,60.0
1790506709860,28.612334,77.282288,54.0,CNG,25.98,14.9,5,1584,60.0
1790506711039,28.612226,77.282200,53.0,CNG,28.36,22.0,5,1581,42.0
1790506711719,28.612118,77.282112,54.0,CNG,30.96,22.4,5,1598,42.0
1790506712406,28.612009,77.282024,54.0,CNG,34.22,22.4,5,1592,42.0
1790506713522,28.611900,77.281934,54.0,CNG,36.94,22.4,5,1607,34.5
1790506714186,28.611900,77.281934,54.0,CNG,38.45,22.4,5,1619,34.5
1790506714794,28.611789,77.281845,54.0,CNG,41.28,22.4,5,1636,34.5
1790506715949,28.611679,77.281756,55.0,CNG,46.37,14.9,5,1628,24.3
1790506716613,28.611568,77.281666,55.0,CNG,51.85,20.8,5,1629,24.3
1790506717297,28.611457,77.281577,55.0,CNG,55.31,20.8,5,1643,24.3
1790506718447,28.611347,77.281487,55.0,CNG,54.08,21.2,5,1638,28.2
1790506719072,28.611347,77.281487,55.0,CNG,52.06,21.2,5,1637,28.2
1790506719670,28.611237,77.281395,55.0,CNG,50.41,21.2,5,1620,28.2
1790506720820,28.611127,77.281304,55.0,CNG,49.47,21.2,5,1632,28.2
1790506721467,28.611017,77.281213,55.0,CNG,50.82,21.2,5,1646,28.2
1790506722110,28.611017,77.281213,55.0,CNG,47.69,14.9,5,1624,28.2
1790506723205,28.610906,77.281123,55.0,CNG,49.97,20.8,5,1644,32.9
1790506723859,28.610797,77.281031,55.0,CNG,43.80,22.0,5,1637,32.9
1790506724499,28.610688,77.280940,55.0,CNG,40.28,22.0,5,1618,32.9
1790506725676,28.610579,77.280847,55.0,CNG,37.49,22.0,5,1633,41.6
1790506726281,28.610579,77.280847,55.0,CNG,37.19,22.0,5,1625,41.6
1790506726962,28.610471,77.280754,55.0,CNG,36.78,22.0,5,1648,41.6
1790506728074,28.610362,77.280659,55.0,CNG,36.67,22.0,5,1655,41.2
1790506728721,28.610254,77.280562,55.0,CNG,36.64,22.0,5,1647,41.2
1790506729388,28.610147,77.280464,56.0,CNG,38.34,22.0,5,1648,41.2
1790506730514,28.610039,77.280365,56.0,CNG,39.55,22.4,5,1662,34.1
1790506731193,28.610039,77.280365,56.0,CNG,39.99,14.9,5,1657,34.1
1790506731885,28.609932,77.280265,56.0,CNG,43.91,22.0,5,1669,34.1
1790506733060,28.609824,77.280165,56.0,CNG,44.45,22.0,5,1662,32.5
1790506733736,28.609716,77.280064,56.0,CNG,44.68,22.0,5,1676,32.5
1790506734419,28.609609,77.279963,56.0,CNG,45.94,22.0,5,1682,32.5
1790506735588,28.609500,77.279862,57.0,CNG,44.98,22.0,5,1686,32.2
1790506736193,28.609500,77.279862,57.0,CNG,44.70,22.0,5,1678,32.2
1790506736810,28.609391,77.279760,57.0,CNG,44.33,22.0,5,1693,32.2
1790506738003,28.609283,77.279658,57.0,CNG,46.18,22.0,5,1687,37.3
1790506738633,28.609174,77.279555,57.0,CNG,47.96,14.9,5,1701,37.3
1790506739319,28.609066,77.279454,57.0,CNG,57.87,14.9,5,1696,37.3
1790506740449,28.608967,77.279359,54.0,CNG,65.87,14.9,5,1601,19.6
1790506741129,28.608967,77.279359,50.0,CNG,66.19,14.9,5,1490,19.6
1790506741785,28.608871,77.279269,49.0,CNG,44.38,23.5,5,1472,19.6
1790506743009,28.608778,77.279178,49.0,CNG,35.84,23.5,5,1464,39.2
1790506743665,28.608686,77.279086,50.0,CNG,45.40,14.9,5,1470,39.2
1790506744305,28.608599,77.278989,49.0,CNG,55.56,14.9,5,1464,39.2
1790506745508,28.608517,77.278893,48.0,CNG,63.90,14.9,5,1428,20.4
1790506746174,28.608517,77.278893,45.0,CNG,66.41,14.9,5,1348,20.4
1790506746794,28.608442,77.278800,44.0,CNG,70.81,14.9,5,1310,20.4
1790506747944,28.608369,77.278709,43.0,CNG,67.95,21.2,5,1299,33.3
1790506748634,28.608297,77.278618,44.0,CNG,59.73,21.2,5,1289,33.3
1790506749278,28.608297,77.278618,44.0,CNG,45.58,22.4,5,1300,33.3
1790506750483,28.608153,77.278432,44.0,CNG,42.30,22.4,5,1319,42.7
1790506751125,28.608153,77.278432,45.0,CNG,41.19,22.4,5,1341,42.7
1790506751799,28.608080,77.278335,45.0,CNG,40.44,22.4,5,1356,42.7
1790506752972,28.608006,77.278238,46.0,CNG,38.39,22.4,5,1356,41.2
1790506753651,28.607929,77.278141,46.0,CNG,36.49,22.7,5,1376,41.2
1790506754315,28.607852,77.278043,47.0,CNG,35.63,22.7,5,1388,41.2
1790506755517,28.607775,77.277941,47.0,CNG,33.85,22.7,5,1406,51.4
1790506756177,28.607775,77.277941,48.0,CNG,31.51,22.7,5,1432,51.4
1790506756859,28.607700,77.277837,48.0,CNG,30.08,22.7,5,1433,51.4
1790506757972,28.607625,77.277730,49.0,CNG,29.76,22.7,5,1446,51.0
1790506758612,28.607550,77.277622,49.0,CNG,30.36,22.7,5,1461,51.0
1790506759215,28.607550,77.277622,50.0,CNG,30.41,22.7,5,1472,51.0
1790506760360,28.607400,77.277401,50.0,CNG,36.92,20.8,5,1484,34.5
1790506760980,28.607400,77.277401,50.0,CNG,39.53,20.4,5,1494,34.5
1790506761636,28.607327,77.277288,50.0,CNG,44.68,20.4,5,1486,34.5
1790506762773,28.607254,77.277175,50.0,CNG,47.86,20.8,5,1476,26.7
1790506763426,28.607183,77.277060,50.0,CNG,49.70,20.8,5,1473,26.7
1790506764098,28.607183,77.277060,50.0,CNG,53.23,20.8,5,1482,26.7
1790506765235,28.607115,77.276945,50.0,CNG,53.41,20.8,5,1486,26.7
1790506765849,28.607047,77.276827,50.0,CNG,54.30,20.8,5,1479,26.7
1790506766529,28.606979,77.276710,50.0,CNG,55.56,20.8,5,1480,26.7
1790506767701,28.606912,77.276592,50.0,CNG,56.94,20.8,5,1490,27.1
1790506768381,28.606847,77.276472,50.0,CNG,54.13,20.8,5,1483,27.1
1790506769011,28.606847,77.276472,50.0,CNG,55.35,21.2,5,1497,27.1
1790506770195,28.606782,77.276352,50.0,CNG,53.54,21.2,5,1505,30.2
1790506770843,28.606719,77.276229,50.0,CNG,52.51,21.2,5,1495,30.2
1790506771528,28.606658,77.276104,51.0,CNG,50.74,21.2,5,1507,30.2
1790506772685,28.606599,77.275978,51.0,CNG,45.18,21.2,5,1494,38.0
1790506773348,28.606543,77.275851,51.0,CNG,41.88,21.2,5,1518,38.0
1790506773978,28.606543,77.275851,51.0,CNG,39.69,21.2,5,1506,38.0
1790506775141,28.606487,77.275722,51.0,CNG,38.65,21.2,5,1507,30.6
1790506775759,28.606431,77.275595,51.0,CNG,36.42,22.4,5,1519,30.6
1790506776431,28.606373,77.275466,51.0,CNG,39.54,14.9,5,1517,30.6
1790506777552,28.606316,77.275341,51.0,CNG,49.20,14.9,,1055,29.4
1790506778184,28.606316,77.275341,49.0,CNG,60.88,14.9,,992,29.4
1790506778791,28.606260,77.275219,47.0,CNG,71.09,14.9,,874,29.4
1790506780003,28.606206,77.275103,46.0,CNG,88.41,14.9,,760,22.4
1790506780633,28.606157,77.274991,43.0,CNG,111.52,14.9,,720,22.4
1790506781335,28.606111,77.274884,42.0,CNG,147.16,14.9,,709,22.4
1790506782541,28.606065,77.274777,42.0,CNG,122.28,14.9,,677,24.3
1790506783175,28.606065,77.274777,42.0,CNG,114.38,14.9,,704,24.3
1790506783811,28.606019,77.274672,41.0,CNG,111.41,14.9,,707,24.3
1790506784982,28.605970,77.274570,41.0,CNG,139.45,14.9,,707,22.7
1790506785631,28.605922,77.274469,41.0,CNG,120.87,14.9,,712,22.7
1790506786300,28.605875,77.274370,40.0,CNG,127.54,14.9,,711,22.7
1790506787417,28.605833,77.274276,39.0,CNG,135.13,14.9,,719,22.7
1790506788109,28.605833,77.274276,33.0,CNG,122.38,14.9,,716,22.7
1790506788758,28.605803,77.274193,29.0,CNG,86.08,14.9,,718,22.7
1790506789901,28.605790,77.274122,25.0,CNG,67.60,14.9,5,769,34.9
1790506790524,28.605800,77.274062,22.0,CNG,52.40,14.9,4,779,34.9
1790506791235,28.605800,77.274062,23.0,CNG,44.86,14.9,,784,34.9
1790506792382,28.605870,77.273972,23.0,CNG,44.05,14.9,,788,36.1
1790506793221,28.605870,77.273972,23.0,CNG,28.15,22.0,4,818,36.1
1790506794058,28.605914,77.273937,22.0,CNG,21.77,21.6,2,1617,36.1
1790506795640,28.606013,77.273876,23.0,CNG,20.40,20.4,2,1694,28.6
1790506796372,28.606065,77.273849,23.0,CNG,23.19,18.4,2,1701,28.6
1790506797287,28.606065,77.273849,22.0,CNG,26.04,17.3,2,1673,28.6
1790506798895,28.606169,77.273810,21.0,CNG,28.35,17.3,2,1596,19.2
1790506799643,28.606216,77.273805,20.0,CNG,29.17,14.9,2,1475,19.2
1790506800431,28.606277,77.273816,18.0,CNG,29.09,19.6,2,1367,19.2
1790506801969,28.606297,77.273846,17.0,CNG,21.58,21.2,2,1291,35.3
1790506802612,28.606334,77.273873,18.0,CNG,20.51,21.6,2,1320,35.3
1790506803250,28.606334,77.273873,18.0,CNG,21.38,14.9,2,1353,35.3
1790506804425,28.606400,77.273942,18.0,CNG,22.82,14.9,2,1343,21.6
1790506805057,28.606400,77.273942,16.0,CNG,20.35,23.1,2,1249,21.6
1790506805709,28.606424,77.273981,17.0,CNG,15.61,23.5,2,1235,21.6
1790506806822,28.606443,77.274026,18.0,CNG,12.83,23.5,2,1322,54.1
1790506807506,28.606466,77.274074,20.0,CNG,11.92,23.5,2,1496,54.1
1790506808165,28.606466,77.274074,22.0,CNG,12.03,23.5,2,1595,54.1
1790506809318,28.606520,77.274184,23.0,CNG,12.09,23.5,2,1653,47.8
1790506809996,28.606520,77.274184,24.0,CNG,12.10,23.5,2,1802,47.8
1790506810665,28.606548,77.274246,26.0,CNG,12.87,23.5,2,1894,47.8
1790506811831,28.606575,77.274315,27.0,CNG,13.08,23.5,2,1969,40.8
1790506812476,28.606605,77.274387,28.0,CNG,13.57,23.9,2,2094,40.8
1790506813111,28.606605,77.274387,29.0,CNG,14.30,24.7,2,2178,40.8
1790506814227,28.606635,77.274463,30.0,CNG,19.16,14.9,2,2120,47.1
1790506814889,28.606665,77.274540,30.0,CNG,19.11,23.9,3,1577,47.1
1790506815555,28.606695,77.274620,31.0,CNG,22.53,14.9,3,1607,47.1
1790506816750,28.606726,77.274701,31.0,CNG,20.88,23.5,3,1604,38.8
1790506817384,28.606758,77.274786,33.0,CNG,26.76,14.9,3,1673,38.8
1790506818047,28.606758,77.274786,33.0,CNG,33.17,15.3,3,1671,38.8
1790506819207,28.606792,77.274868,32.0,CNG,32.27,22.0,3,1638,22.0
1790506819863,28.606830,77.274949,32.0,CNG,35.63,20.0,4,1109,22.0
1790506820494,28.606866,77.275026,32.0,CNG,37.05,20.4,4,1221,22.0
1790506821662,28.606901,77.275106,32.0,CNG,37.00,20.8,4,1243,33.7
1790506822279,28.606901,77.275106,32.0,CNG,36.20,21.6,4,1249,33.7
1790506822953,28.606938,77.275187,33.0,CNG,34.51,21.6,4,1264,33.7
1790506824084,28.606977,77.275268,33.0,CNG,35.13,21.6,4,1280,41.6
1790506824733,28.607015,77.275352,34.0,CNG,33.31,22.4,4,1307,41.6
1790506825392,28.607054,77.275436,34.0,CNG,30.89,22.4,4,1319,41.6
1790506826566,28.607094,77.275523,34.0,CNG,27.81,22.4,4,1344,49.8
1790506827187,28.607094,77.275523,35.0,CNG,25.59,22.4,4,1361,49.8
1790506827830,28.607135,77.275611,36.0,CNG,24.28,22.4,4,1382,49.8
1790506828962,28.607176,77.275700,36.0,CNG,23.50,22.7,4,1411,51.0
1790506829656,28.607219,77.275792,37.0,CNG,22.59,23.1,4,1438,51.0
1790506830261,28.607264,77.275887,38.0,CNG,18.10,31.4,4,1471,51.0
1790506831667,28.607310,77.275985,39.0,CNG,16.34,29.4,4,1520,73.7
1790506832311,28.607362,77.276088,42.0,CNG,16.18,28.6,4,1625,73.7
1790506832998,28.607362,77.276088,43.0,CNG,16.31,28.6,4,1662,73.7
1790506834136,28.607415,77.276194,44.0,CNG,16.98,28.6,4,1713,60.8
1790506834816,28.607472,77.276304,46.0,CNG,17.45,28.2,4,1801,60.8
1790506835504,28.607533,77.276417,47.0,CNG,18.16,23.9,4,1843,60.8
1790506836693,28.607594,77.276531,48.0,CNG,25.21,20.4,4,1854,24.3
1790506837378,28.607658,77.276644,48.0,CNG,26.64,24.3,4,1850,24.3
1790506838069,28.607658,77.276644,48.0,CNG,23.12,24.7,4,1870,24.3
1790506839228,28.607725,77.276756,48.0,CNG,31.49,26.7,,1660,60.8
1790506839879,28.607795,77.276866,49.0,CNG,27.72,27.5,5,1457,60.8
1790506840511,28.607868,77.276978,50.0,CNG,26.25,27.5,5,1479,60.8
1790506841708,28.607944,77.277092,51.0,CNG,25.66,27.5,5,1509,60.0
1790506842335,28.608023,77.277207,52.0,CNG,25.01,27.1,5,1542,60.0
1790506842959,28.608023,77.277207,53.0,CNG,24.81,27.1,5,1572,60.0
1790506844080,28.608105,77.277324,53.0,CNG,24.90,14.9,5,1585,18.8
1790506844762,28.608189,77.277441,53.0,CNG,30.70,22.4,5,1598,18.8
1790506845382,28.608275,77.277556,54.0,CNG,33.80,22.4,5,1606,18.8
1790506846571,28.608362,77.277671,54.0,CNG,36.37,22.7,5,1606,36.1
1790506847174,28.608362,77.277671,54.0,CNG,36.81,23.1,5,1605,36.1
1790506847834,28.608452,77.277786,55.0,CNG,35.36,23.1,5,1629,36.1
1790506848978,28.608543,77.277900,55.0,CNG,33.65,23.1,5,1640,47.1
1790506849666,28.608636,77.278015,56.0,CNG,32.19,23.5,5,1662,47.1
1790506850279,28.608636,77.278015,56.0,CNG,31.03,23.1,5,1655,47.1
1790506851452,28.608827,77.278244,56.0,CNG,31.16,23.1,5,1678,26.3
1790506852073,28.608827,77.278244,56.0,CNG,34.78,21.6,5,1677,26.3
1790506852734,28.608923,77.278357,56.0,CNG,37.11,21.6,5,1671,26.3
1790506853958,28.609020,77.278470,56.0,CNG,38.59,21.6,5,1664,31.0
1790506854615,28.609116,77.278582,56.0,CNG,41.49,21.6,5,1652,31.0
1790506855242,28.609116,77.278582,56.0,CNG,43.57,21.6,5,1644,31.0
1790506856385,28.609308,77.278807,55.0,CNG,44.93,21.6,5,1661,29.8
1790506857075,28.609308,77.278807,55.0,CNG,47.20,21.6,5,1644,29.8
1790506857711,28.609405,77.278917,55.0,CNG,56.35,20.8,5,1657,29.8
1790506858863,28.609503,77.279024,55.0,CNG,59.26,14.9,5,1644,21.2
1790506859494,28.609599,77.279123,51.0,CNG,65.80,14.9,5,1545,21.2
1790506860170,28.609599,77.279123,48.0,CNG,65.77,14.9,5,1457,21.2
1790506861338,28.609778,77.279298,47.0,CNG,65.44,20.4,5,1394,27.1
1790506861951,28.609778,77.279298,46.0,CNG,69.88,14.9,5,1384,27.1
1790506862627,28.609864,77.279382,45.0,CNG,67.66,22.0,5,1359,27.1
1790506863765,28.609948,77.279468,45.0,CNG,54.85,22.0,5,1392,38.4
1790506864435,28.610033,77.279554,46.0,CNG,48.85,22.7,5,1354,38.4
1790506865082,28.610033,77.279554,46.0,CNG,41.95,22.7,5,1378,38.4
1790506866235,28.610118,77.279640,46.0,CNG,38.30,22.7,5,1372,45.1
1790506866827,28.610205,77.279727,47.0,CNG,36.11,22.7,5,1394,45.1
1790506867511,28.610295,77.279813,47.0,CNG,35.08,22.7,5,1408,45.1
1790506868696,28.610386,77.279898,48.0,CNG,34.73,22.7,5,1414,49.8
1790506869346,28.610478,77.279983,48.0,CNG,32.12,22.7,5,1420,49.8
1790506870012,28.610478,77.279983,48.0,CNG,31.26,22.7,5,1426,49.8
1790506871203,28.610573,77.280067,48.0,CNG,30.85,22.7,5,1435,50.6
1790506871874,28.610668,77.280153,49.0,CNG,30.28,22.7,5,1461,50.6
1790506872545,28.610765,77.280238,49.0,CNG,29.89,22.7,5,1460,50.6
1790506873764,28.610864,77.280321,50.0,CNG,31.07,22.7,5,1467,47.8
1790506874407,28.610963,77.280406,50.0,CNG,31.38,22.7,5,1483,47.8
1790506875079,28.610963,77.280406,50.0,CNG,33.80,22.7,5,1501,47.8
1790506876275,28.611063,77.280492,51.0,CNG,35.39,22.4,5,1512,37.6
1790506876940,28.611165,77.280582,51.0,CNG,36.69,22.4,5,1533,37.6
1790506877605,28.611266,77.280673,52.0,CNG,39.55,22.4,5,1524,37.6
1790506878754,28.611367,77.280763,52.0,CNG,39.86,22.4,5,1551,35.7
1790506879391,28.611468,77.280854,52.0,CNG,40.18,22.4,5,1549,35.7
1790506880026,28.611468,77.280854,52.0,CNG,40.19,22.0,5,1562,35.7
1790506881228,28.611570,77.280946,52.0,CNG,42.42,22.0,5,1559,34.1
1790506881888,28.611673,77.281037,53.0,CNG,42.83,22.0,5,1561,34.1
1790506882538,28.611776,77.281129,53.0,CNG,42.34,22.0,5,1583,34.1
1790506883746,28.611881,77.281220,53.0,CNG,44.75,22.0,5,1564,32.9
1790506884435,28.611986,77.281311,53.0,CNG,45.62,22.0,5,1592,32.9
1790506885125,28.611986,77.281311,54.0,CNG,47.37,22.0,5,1590,32.9
1790506886242,28.612093,77.281403,54.0,CNG,48.39,22.0,5,1589,32.2
1790506886873,28.612200,77.281493,54.0,CNG,47.72,22.0,5,1609,32.2
1790506887509,28.612307,77.281585,54.0,CNG,45.93,22.0,5,1597,32.2
1790506888654,28.612415,77.281677,54.0,CNG,44.77,22.0,5,1624,31.8
1790506889360,28.612521,77.281770,54.0,CNG,44.87,22.0,5,1610,31.8
1790506889974,28.612521,77.281770,54.0,CNG,44.65,22.0,5,1626,31.8
1790506891133,28.612628,77.281864,54.0,CNG,42.30,22.0,5,1610,38.8
1790506891807,28.612734,77.281959,54.0,CNG,40.07,22.0,5,1600,38.8
1790506892462,28.612839,77.282055,54.0,CNG,38.28,22.0,5,1619,38.8
1790506893616,28.612943,77.282151,54.0,CNG,38.86,22.0,5,1612,39.2
1790506894291,28.613047,77.282246,54.0,CNG,39.40,21.6,5,1614,39.2
1790506894983,28.613047,77.282246,54.0,CNG,39.49,21.2,5,1599,39.2
1790506896177,28.613153,77.282340,54.0,CNG,41.27,20.8,5,1596,26.3
1790506896851,28.613260,77.282431,53.0,CNG,46.60,20.4,5,1593,26.3
1790506897501,28.613369,77.282517,53.0,CNG,51.31,20.4,5,1577,26.3
1790506898604,28.613478,77.282599,53.0,CNG,55.02,20.4,5,1588,22.7
1790506899293,28.613588,77.282682,53.0,CNG,56.00,20.8,5,1571,22.7
1790506899916,28.613588,77.282682,53.0,CNG,55.52,20.8,5,1580,22.7
1790506901096,28.613697,77.282766,53.0,CNG,57.59,20.8,5,1583,25.5
1790506901752,28.613806,77.282851,54.0,CNG,54.35,20.8,5,1602,25.5
1790506902508,28.613915,77.282935,54.0,CNG,52.82,21.2,5,1594,25.5
1790506903634,28.614027,77.283019,54.0,CNG,55.44,20.8,5,1601,26.7
1790506904330,28.614137,77.283103,54.0,CNG,58.59,14.9,5,1581,26.7
1790506904981,28.614137,77.283103,53.0,CNG,63.99,14.9,5,1569,26.7
1790506906117,28.614246,77.283186,53.0,CNG,44.09,25.1,5,1587,38.0
1790506906855,28.614353,77.283276,54.0,CNG,43.58,14.9,5,1590,38.0
1790506907471,28.614453,77.283374,53.0,CNG,38.52,23.9,5,1582,38.0
1790506908611,28.614550,77.283479,54.0,CNG,36.52,23.9,5,1607,42.4
1790506909254,28.614642,77.283590,54.0,CNG,33.39,25.1,5,1620,42.4
1790506910017,28.614642,77.283590,55.0,CNG,31.39,25.9,5,1614,42.4
1790506911157,28.614732,77.283705,55.0,CNG,30.09,25.9,5,1641,51.0
1790506911771,28.614820,77.283824,55.0,CNG,28.55,25.9,5,1654,51.0
1790506912439,28.614907,77.283945,56.0,CNG,27.31,25.9,5,1646,51.0
1790506913555,28.614995,77.284068,56.0,CNG,26.86,25.9,5,1663,57.6
1790506914200,28.614995,77.284068,57.0,CNG,37.36,23.1,5,1678,57.6
1790506914816,28.615084,77.284190,56.0,CNG,35.37,23.1,5,1716,57.6
1790506915956,28.615175,77.284313,57.0,CNG,30.52,24.7,5,1677,53.7
1790506916588,28.615267,77.284435,58.0,CNG,30.18,24.3,5,1727,53.7
1790506917284,28.615267,77.284435,58.0,CNG,30.42,23.5,5,1742,53.7
1790506918392,28.615460,77.284680,58.0,CNG,41.44,22.0,5,1738,30.6
1790506919016,28.615460,77.284680,58.0,CNG,43.28,22.0,5,1720,30.6
1790506919624,28.615556,77.284802,58.0,CNG,43.78,22.4,5,1732,30.6
1790506920750,28.615650,77.284926,58.0,CNG,39.44,24.7,5,1744,43.9
1790506921376,28.615745,77.285051,59.0,CNG,48.35,19.2,5,1737,43.9
1790506922052,28.615745,77.285051,58.0,CNG,51.09,14.9,5,1753,43.9
1790506923225,28.615840,77.285175,58.0,CNG,56.74,14.9,5,1729,19.6
1790506923851,28.615932,77.285298,56.0,CNG,61.24,14.9,5,1690,19.6
1790506924507,28.616018,77.285416,53.0,CNG,66.48,14.9,5,1587,19.6
1790506925718,28.616097,77.285525,50.0,CNG,66.44,14.9,5,1527,20.4
1790506926386,28.616170,77.285625,46.0,CNG,65.84,14.9,5,1369,20.4
1790506927020,28.616170,77.285625,43.0,CNG,70.96,14.9,5,1295,20.4
1790506928201,28.616237,77.285719,42.0,CNG,76.24,23.5,5,1259,71.8
1790506928895,28.616303,77.285811,43.0,CNG,38.80,27.5,5,1265,71.8
1790506929693,28.616369,77.285907,44.0,CNG,29.37,27.5,5,1298,71.8
1790506930836,28.616436,77.286004,44.0,CNG,25.93,27.5,5,1317,69.0
1790506931498,28.616504,77.286104,45.0,CNG,24.98,27.5,5,1341,69.0
1790506932127,28.616504,77.286104,46.0,CNG,23.88,27.5,5,1347,69.0
1790506933252,28.616572,77.286206,46.0,CNG,23.22,27.5,5,1366,69.0
1790506933927,28.616643,77.286307,46.0,CNG,28.11,16.9,5,1386,69.0
1790506934560,28.616712,77.286410,46.0,CNG,25.81,27.1,5,1373,69.0
1790506935800,28.616781,77.286513,46.0,CNG,23.47,27.1,5,1363,74.5
1790506936411,28.616849,77.286617,46.0,CNG,22.49,16.9,5,1382,74.5
1790506937076,28.616849,77.286617,46.0,CNG,27.92,26.3,5,1375,74.5
1790506938420,28.616980,77.286827,45.0,CNG,24.93,26.3,5,1356,70.6
1790506939072,28.616980,77.286827,46.0,CNG,23.57,16.1,5,1367,70.6
1790506939718,28.617045,77.286934,46.0,CNG,28.55,23.9,5,1363,70.6
1790506940932,28.617108,77.287041,46.0,CNG,30.15,23.9,5,1341,49.4
1790506941609,28.617172,77.287150,46.0,CNG,29.87,23.9,5,1364,49.4
1790506942251,28.617172,77.287150,46.0,CNG,29.72,23.9,5,1369,49.4
1790506943398,28.617293,77.287372,47.0,CNG,29.99,23.9,5,1383,49.4
1790506944067,28.617293,77.287372,47.0,CNG,29.98,23.5,5,1400,49.4
1790506944692,28.617349,77.287488,48.0,CNG,30.55,23.9,5,1413,49.4
1790506945856,28.617406,77.287606,48.0,CNG,30.51,23.5,5,1423,46.3
1790506946499,28.617463,77.287729,50.0,CNG,31.15,23.5,5,1474,46.3
1790506947164,28.617463,77.287729,50.0,CNG,31.84,23.5,5,1486,46.3
1790506948336,28.617578,77.287985,51.0,CNG,32.85,23.5,5,1513,42.7
1790506948990,28.617578,77.287985,52.0,CNG,32.73,23.5,5,1552,42.7
1790506949652,28.617635,77.288118,53.0,CNG,33.56,23.1,5,1568,42.7
1790506950864,28.617692,77.288256,54.0,CNG,34.67,23.5,5,1608,39.6
1790506951524,28.617749,77.288397,55.0,CNG,36.18,23.1,5,1643,39.6
1790506952212,28.617749,77.288397,56.0,CNG,37.42,23.5,5,1662,39.6
1790506953380,28.617864,77.288690,57.0,CNG,38.25,23.1,5,1685,38.0
1790506954022,28.617864,77.288690,58.0,CNG,45.79,14.9,5,1728,38.0
1790506954643,28.617922,77.288840,58.0,CNG,44.95,21.2,5,1738,38.0
1790506955833,28.617981,77.288989,58.0,CNG,43.99,20.8,5,1720,30.6
1790506956455,28.618040,77.289139,58.0,CNG,45.11,20.8,5,1737,30.6
1790506957128,28.618040,77.289139,58.0,CNG,45.87,20.8,5,1740,30.6
1790506958279,28.618099,77.289290,59.0,CNG,47.87,20.8,5,1739,30.6
1790506958922,28.618157,77.289442,59.0,CNG,47.09,20.8,5,1756,30.6
1790506959527,28.618214,77.289596,59.0,CNG,48.11,14.9,5,1764,30.6
1790506960654,28.618271,77.289749,59.0,CNG,57.14,14.9,5,1733,19.6
1790506961302,28.618325,77.289901,58.0,CNG,63.70,14.9,5,1742,19.6
1790506961952,28.618325,77.289901,58.0,CNG,70.12,14.9,5,1721,19.6
1790506963143,28.618378,77.290051,57.0,CNG,74.54,14.9,5,1690,19.6
1790506963833,28.618428,77.290196,54.0,CNG,76.50,14.9,5,1625,19.6
1790506964446,28.618476,77.290339,54.0,CNG,78.71,14.9,5,1601,19.6
1790506965640,28.618524,77.290478,53.0,CNG,72.54,14.9,5,1606,21.2
1790506966339,28.618573,77.290615,53.0,CNG,71.26,14.9,5,1567,21.2
1790506967034,28.618573,77.290615,52.0,CNG,68.83,14.9,5,1553,21.2
1790506968226,28.618621,77.290747,49.0,CNG,73.62,16.5,5,1473,39.2
1790506968889,28.618667,77.290876,49.0,CNG,52.34,22.4,5,1459,39.2
1790506969553,28.618710,77.291005,49.0,CNG,45.76,22.7,5,1463,39.2
1790506970730,28.618754,77.291136,49.0,CNG,41.22,22.4,5,1465,38.8
1790506971365,28.618797,77.291268,50.0,CNG,39.59,22.7,5,1482,38.8
1790506972049,28.618797,77.291268,50.0,CNG,35.70,25.1,5,1489,38.8
1790506973344,28.618887,77.291537,51.0,CNG,32.37,25.1,5,1508,50.2
1790506974012,28.618887,77.291537,52.0,CNG,30.71,25.1,5,1539,50.2
1790506974630,28.618932,77.291675,53.0,CNG,31.31,25.1,5,1577,50.2
1790506975853,28.618978,77.291815,54.0,CNG,31.33,25.1,5,1583,48.6
1790506976466,28.619025,77.291957,54.0,CNG,29.15,25.1,5,1611,48.6
1790506977149,28.619025,77.291957,54.0,CNG,27.16,25.1,5,1611,48.6
1790506978282,28.619073,77.292099,54.0,CNG,26.15,26.7,5,1621,63.1
1790506978918,28.619121,77.292242,55.0,CNG,24.86,26.7,5,1629,63.1
1790506979537,28.619168,77.292386,55.0,CNG,29.83,14.9,5,1623,63.1
1790506980697,28.619214,77.292527,54.0,CNG,32.07,24.3,5,1613,53.7
1790506981353,28.619261,77.292669,54.0,CNG,29.61,23.5,5,1621,53.7
1790506982043,28.619261,77.292669,54.0,CNG,29.41,24.3,5,1606,53.7
1790506983170,28.619307,77.292811,54.0,CNG,30.47,24.3,5,1589,45.5
1790506983855,28.619353,77.292950,53.0,CNG,32.01,24.3,5,1579,45.5
1790506984466,28.619400,77.293088,53.0,CNG,32.75,24.3,5,1572,45.5
1790506985652,28.619446,77.293225,52.0,CNG,33.09,24.3,5,1563,46.3
1790506986332,28.619490,77.293360,52.0,CNG,32.76,24.3,5,1540,46.3
1790506986973,28.619490,77.293360,51.0,CNG,31.59,24.3,5,1530,46.3
1790506988091,28.619535,77.293494,51.0,CNG,30.90,24.3,5,1521,47.1
1790506988715,28.619580,77.293628,51.0,CNG,31.32,24.3,5,1518,47.1
1790506989396,28.619624,77.293763,51.0,CNG,30.84,24.3,5,1517,47.1
1790506990561,28.619668,77.293897,51.0,CNG,30.46,24.3,5,1526,46.7
1790506991216,28.619668,77.293897,51.0,CNG,31.10,24.3,5,1515,46.7
1790506991882,28.619712,77.294033,51.0,CNG,30.61,24.3,5,1533,46.7
1790506993113,28.619756,77.294168,52.0,CNG,30.83,24.3,5,1530,46.7
1790506993780,28.619801,77.294304,52.0,CNG,30.86,24.3,5,1536,46.7
1790506994402,28.619847,77.294441,52.0,CNG,30.60,24.3,5,1552,46.7
1790506995521,28.619893,77.294579,52.0,CNG,30.37,24.3,5,1550,46.3
1790506996116,28.619893,77.294579,53.0,CNG,28.38,25.9,5,1584,46.3
1790506996927,28.619941,77.294719,53.0,CNG,28.58,25.5,5,1575,46.3
1790506998108,28.619989,77.294860,54.0,CNG,29.38,25.5,5,1601,49.0
1790506998794,28.620038,77.295003,55.0,CNG,28.44,24.7,5,1644,49.0
1790506999434,28.620087,77.295148,55.0,CNG,28.54,24.7,5,1653,49.0
1790507000646,28.620137,77.295296,56.0,CNG,28.14,24.7,5,1657,52.9
1790507001267,28.620137,77.295296,57.0,CNG,28.31,24.7,5,1694,52.9
1790507001909,28.620187,77.295446,58.0,CNG,27.84,24.7,5,1717,52.9
1790507003002,28.620238,77.295598,58.0,CNG,28.32,24.7,5,1724,51.8
1790507003658,28.620291,77.295753,59.0,CNG,28.20,24.7,5,1765,51.8
1790507004277,28.620291,77.295753,60.0,CNG,35.40,14.9,5,1789,51.8
1790507005503,28.620399,77.296068,60.0,CNG,38.54,22.4,5,1788,32.2
1790507006184,28.620454,77.296227,61.0,CNG,41.86,17.6,5,1794,32.2
1790507006962,28.620454,77.296227,61.0,CNG,52.50,14.9,5,1812,32.2
1790507008097,28.620510,77.296387,61.0,CNG,61.31,14.9,5,1812,19.6
1790507008799,28.620565,77.296546,60.0,CNG,63.39,14.9,5,1792,19.6
1790507009513,28.620620,77.296703,60.0,CNG,64.08,14.9,5,1776,19.6
1790507010635,28.620674,77.296860,60.0,CNG,64.62,14.9,5,1783,19.6
1790507011293,28.620725,77.297015,59.0,CNG,65.10,14.9,5,1750,19.6
1790507011948,28.620725,77.297015,57.0,CNG,70.15,14.9,5,1707,19.6
1790507013118,28.620774,77.297161,54.0,PETROL,54.22,14.9,5,1619,19.6
1790507013827,28.620819,77.297296,50.0,PETROL,49.05,14.9,5,1488,19.6
1790507014478,28.620864,77.297427,50.0,PETROL,50.58,14.9,5,1493,19.6
1790507015607,28.620908,77.297556,49.0,PETROL,49.33,19.2,5,1519,35.7
1790507016249,28.620908,77.297556,50.0,PETROL,38.93,16.1,5,1465,35.7
1790507016951,28.620953,77.297686,49.0,PETROL,41.20,18.4,5,1479,35.7
1790507018089,28.620996,77.297815,49.0,PETROL,45.91,22.4,5,1473,30.2
1790507018720,28.621039,77.297945,49.0,PETROL,43.94,20.0,5,1484,30.2
1790507019366,28.621082,77.298074,49.0,PETROL,38.97,21.2,5,1477,30.2
1790507020604,28.621125,77.298203,49.0,PETROL,36.06,15.7,5,1452,23.9
1790507021261,28.621125,77.298203,48.0,PETROL,35.10,20.0,5,1450,23.9
1790507021918,28.621168,77.298330,48.0,PETROL,33.30,20.0,5,1417,23.9
1790507023124,28.621211,77.298455,47.0,PETROL,32.50,19.6,5,1423,26.7
1790507023784,28.621252,77.298578,46.0,PETROL,37.47,14.9,5,1378,26.7
1790507024456,28.621293,77.298698,46.0,PETROL,31.11,20.4,5,1392,26.7
1790507025663,28.621333,77.298817,45.0,PETROL,29.94,20.4,5,1348,35.7
1790507026326,28.621372,77.298935,45.0,PETROL,27.81,21.2,5,1336,35.7
1790507026968,28.621372,77.298935,45.0,PETROL,27.18,21.6,5,1335,35.7
1790507028098,28.621413,77.299053,45.0,PETROL,28.32,21.6,5,1333,34.5
1790507028828,28.621453,77.299170,45.0,PETROL,27.91,14.9,5,1343,34.5
1790507029422,28.621494,77.299285,45.0,PETROL,32.45,20.0,5,1333,34.5
1790507030587,28.621536,77.299401,44.0,PETROL,33.13,21.6,5,1319,32.2
1790507031232,28.621536,77.299401,44.0,PETROL,31.99,21.6,5,1314,32.2
1790507031927,28.621577,77.299514,44.0,PETROL,30.81,21.6,5,1315,32.2
1790507033131,28.621618,77.299628,44.0,PETROL,31.10,21.2,5,1309,35.7
1790507033766,28.621657,77.299743,44.0,PETROL,29.67,21.2,5,1316,35.7
1790507034392,28.621697,77.299859,44.0,PETROL,29.26,21.2,5,1312,35.7
1790507035595,28.621735,77.299976,44.0,PETROL,28.80,21.2,5,1320,34.5
1790507036239,28.621735,77.299976,44.0,PETROL,30.19,21.2,5,1329,34.5
1790507036913,28.621771,77.300094,45.0,PETROL,29.32,21.2,5,1324,34.5
1790507038042,28.621809,77.300212,44.0,PETROL,31.93,18.8,5,1319,22.0
1790507038710,28.621845,77.300329,44.0,PETROL,37.00,18.8,5,1318,22.0
